<?xml version="1.0" encoding="UTF-8"?>
<templates id="template" xml:space="preserve">
    <t t-name="pos_online_payment.OnlinePaymentPopup">
        <Dialog title.translate="Scan to pay" footer="false" bodyClass="'w-100 h-100 d-flex flex-column justify-content-center align-items-center'">
            <p>Scan the QR code to pay</p>
            <img class="w-50 pb-3" src="https://www.mercadopago.com/instore/merchant/qr/120505229/a90c0b1fae604c5da3beff645cffd7e06c57e3f3bd694ecf939aab3bba225701.png" alt="qr_mercadopago"/>
            <div class="amount">Amount: <t t-esc="props.formattedAmount"/></div>
            <div>Order reference: <t t-esc="props.orderName"/></div>
        </Dialog>
    </t>
</templates>
